가,1,ㄱㅏ
각,4,ㄱㅏㄱ
간,4,ㄱㅏㄴ
갇,4,ㄱㅏㄷ
갈,4,ㄱㅏㄹ
갉,4,ㄱㅏㄺ
갊,4,ㄱㅏㄻ
감,4,ㄱㅏㅁ
갑,4,ㄱㅏㅂ
값,4,ㄱㅏㅄ
갓,4,ㄱㅏㅅ
갔,4,ㄱㅏㅆ
강,4,ㄱㅏㅇ
갖,4,ㄱㅏㅈ
갗,4,ㄱㅏㅊ
같,4,ㄱㅏㅌ
갚,4,ㄱㅏㅍ
갛,4,ㄱㅏㅎ
개,1,ㄱㅐ
객,4,ㄱㅐㄱ
갠,4,ㄱㅐㄴ
갤,4,ㄱㅐㄹ
갬,4,ㄱㅐㅁ
갭,4,ㄱㅐㅂ
갯,4,ㄱㅐㅅ
갰,4,ㄱㅐㅆ
갱,4,ㄱㅐㅇ
갸,1,ㄱㅑ
갹,4,ㄱㅑㄱ
갼,4,ㄱㅑㄴ
걀,4,ㄱㅑㄹ
걋,4,ㄱㅑㅅ
걍,4,ㄱㅑㅇ
걔,1,ㄱㅒ
걘,4,ㄱㅒㄴ
걜,4,ㄱㅒㄹ
거,1,ㄱㅓ
걱,4,ㄱㅓㄱ
건,4,ㄱㅓㄴ
걷,4,ㄱㅓㄷ
걸,4,ㄱㅓㄹ
걺,4,ㄱㅓㄻ
검,4,ㄱㅓㅁ
겁,4,ㄱㅓㅂ
것,4,ㄱㅓㅅ
겄,4,ㄱㅓㅆ
겅,4,ㄱㅓㅇ
겆,4,ㄱㅓㅈ
겉,4,ㄱㅓㅌ
겊,4,ㄱㅓㅍ
겋,4,ㄱㅓㅎ
게,1,ㄱㅔ
겐,4,ㄱㅔㄴ
겔,4,ㄱㅔㄹ
겜,4,ㄱㅔㅁ
겝,4,ㄱㅔㅂ
겟,4,ㄱㅔㅅ
겠,4,ㄱㅔㅆ
겡,4,ㄱㅔㅇ
겨,1,ㄱㅕ
격,4,ㄱㅕㄱ
겪,4,ㄱㅕㄲ
견,4,ㄱㅕㄴ
겯,4,ㄱㅕㄷ
결,4,ㄱㅕㄹ
겸,4,ㄱㅕㅁ
겹,4,ㄱㅕㅂ
겻,4,ㄱㅕㅅ
겼,4,ㄱㅕㅆ
경,4,ㄱㅕㅇ
곁,4,ㄱㅕㅌ
계,1,ㄱㅖ
곈,4,ㄱㅖㄴ
곌,4,ㄱㅖㄹ
곕,4,ㄱㅖㅂ
곗,4,ㄱㅖㅅ
고,2,ㄱㅗ
곡,5,ㄱㅗㄱ
곤,5,ㄱㅗㄴ
곧,5,ㄱㅗㄷ
골,5,ㄱㅗㄹ
곪,5,ㄱㅗㄻ
곬,5,ㄱㅗㄽ
곯,5,ㄱㅗㅀ
곰,5,ㄱㅗㅁ
곱,5,ㄱㅗㅂ
곳,5,ㄱㅗㅅ
공,5,ㄱㅗㅇ
곶,5,ㄱㅗㅈ
과,3,ㄱㅘ
곽,6,ㄱㅘㄱ
관,6,ㄱㅘㄴ
괄,6,ㄱㅘㄹ
괆,6,ㄱㅘㄻ
괌,6,ㄱㅘㅁ
괍,6,ㄱㅘㅂ
괏,6,ㄱㅘㅅ
광,6,ㄱㅘㅇ
괘,3,ㄱㅙ
괜,6,ㄱㅙㄴ
괠,6,ㄱㅙㄹ
괩,6,ㄱㅙㅂ
괬,6,ㄱㅙㅆ
괭,6,ㄱㅙㅇ
괴,3,ㄱㅚ
괵,6,ㄱㅚㄱ
괸,6,ㄱㅚㄴ
괼,6,ㄱㅚㄹ
굄,6,ㄱㅚㅁ
굅,6,ㄱㅚㅂ
굇,6,ㄱㅚㅅ
굉,6,ㄱㅚㅇ
교,2,ㄱㅛ
굔,5,ㄱㅛㄴ
굘,5,ㄱㅛㄹ
굡,5,ㄱㅛㅂ
굣,5,ㄱㅛㅅ
구,2,ㄱㅜ
국,5,ㄱㅜㄱ
군,5,ㄱㅜㄴ
굳,5,ㄱㅜㄷ
굴,5,ㄱㅜㄹ
굵,5,ㄱㅜㄺ
굶,5,ㄱㅜㄻ
굻,5,ㄱㅜㅀ
굼,5,ㄱㅜㅁ
굽,5,ㄱㅜㅂ
굿,5,ㄱㅜㅅ
궁,5,ㄱㅜㅇ
궂,5,ㄱㅜㅈ
궈,3,ㄱㅝ
궉,6,ㄱㅝㄱ
권,6,ㄱㅝㄴ
궐,6,ㄱㅝㄹ
궜,6,ㄱㅝㅆ
궝,6,ㄱㅝㅇ
궤,3,ㄱㅞ
궷,6,ㄱㅞㅅ
귀,3,ㄱㅟ
귁,6,ㄱㅟㄱ
귄,6,ㄱㅟㄴ
귈,6,ㄱㅟㄹ
귐,6,ㄱㅟㅁ
귑,6,ㄱㅟㅂ
귓,6,ㄱㅟㅅ
규,2,ㄱㅠ
균,5,ㄱㅠㄴ
귤,5,ㄱㅠㄹ
그,2,ㄱㅡ
극,5,ㄱㅡㄱ
근,5,ㄱㅡㄴ
귿,5,ㄱㅡㄷ
글,5,ㄱㅡㄹ
긁,5,ㄱㅡㄺ
금,5,ㄱㅡㅁ
급,5,ㄱㅡㅂ
긋,5,ㄱㅡㅅ
긍,5,ㄱㅡㅇ
긔,3,ㄱㅢ
기,1,ㄱㅣ
긱,4,ㄱㅣㄱ
긴,4,ㄱㅣㄴ
긷,4,ㄱㅣㄷ
길,4,ㄱㅣㄹ
긺,4,ㄱㅣㄻ
김,4,ㄱㅣㅁ
깁,4,ㄱㅣㅂ
깃,4,ㄱㅣㅅ
깅,4,ㄱㅣㅇ
깆,4,ㄱㅣㅈ
깊,4,ㄱㅣㅍ
까,1,ㄲㅏ
깍,4,ㄲㅏㄱ
깎,4,ㄲㅏㄲ
깐,4,ㄲㅏㄴ
깔,4,ㄲㅏㄹ
깖,4,ㄲㅏㄻ
깜,4,ㄲㅏㅁ
깝,4,ㄲㅏㅂ
깟,4,ㄲㅏㅅ
깠,4,ㄲㅏㅆ
깡,4,ㄲㅏㅇ
깥,4,ㄲㅏㅌ
깨,1,ㄲㅐ
깩,4,ㄲㅐㄱ
깬,4,ㄲㅐㄴ
깰,4,ㄲㅐㄹ
깸,4,ㄲㅐㅁ
깹,4,ㄲㅐㅂ
깻,4,ㄲㅐㅅ
깼,4,ㄲㅐㅆ
깽,4,ㄲㅐㅇ
꺄,1,ㄲㅑ
꺅,4,ㄲㅑㄱ
꺌,4,ㄲㅑㄹ
꺼,1,ㄲㅓ
꺽,4,ㄲㅓㄱ
꺾,4,ㄲㅓㄲ
껀,4,ㄲㅓㄴ
껄,4,ㄲㅓㄹ
껌,4,ㄲㅓㅁ
껍,4,ㄲㅓㅂ
껏,4,ㄲㅓㅅ
껐,4,ㄲㅓㅆ
껑,4,ㄲㅓㅇ
께,1,ㄲㅔ
껙,4,ㄲㅔㄱ
껜,4,ㄲㅔㄴ
껨,4,ㄲㅔㅁ
껫,4,ㄲㅔㅅ
껭,4,ㄲㅔㅇ
껴,1,ㄲㅕ
껸,4,ㄲㅕㄴ
껼,4,ㄲㅕㄹ
꼇,4,ㄲㅕㅅ
꼈,4,ㄲㅕㅆ
꼍,4,ㄲㅕㅌ
꼐,1,ㄲㅖ
꼬,2,ㄲㅗ
꼭,5,ㄲㅗㄱ
꼰,5,ㄲㅗㄴ
꼲,5,ㄲㅗㄶ
꼴,5,ㄲㅗㄹ
꼼,5,ㄲㅗㅁ
꼽,5,ㄲㅗㅂ
꼿,5,ㄲㅗㅅ
꽁,5,ㄲㅗㅇ
꽂,5,ㄲㅗㅈ
꽃,5,ㄲㅗㅊ
꽈,3,ㄲㅘ
꽉,6,ㄲㅘㄱ
꽐,6,ㄲㅘㄹ
꽜,6,ㄲㅘㅆ
꽝,6,ㄲㅘㅇ
꽤,3,ㄲㅙ
꽥,6,ㄲㅙㄱ
꽹,6,ㄲㅙㅇ
꾀,3,ㄲㅚ
꾄,6,ㄲㅚㄴ
꾈,6,ㄲㅚㄹ
꾐,6,ㄲㅚㅁ
꾑,6,ㄲㅚㅂ
꾕,6,ㄲㅚㅇ
꾜,2,ㄲㅛ
꾸,2,ㄲㅜ
꾹,5,ㄲㅜㄱ
꾼,5,ㄲㅜㄴ
꿀,5,ㄲㅜㄹ
꿇,5,ㄲㅜㅀ
꿈,5,ㄲㅜㅁ
꿉,5,ㄲㅜㅂ
꿋,5,ㄲㅜㅅ
꿍,5,ㄲㅜㅇ
꿎,5,ㄲㅜㅈ
꿔,3,ㄲㅝ
꿜,6,ㄲㅝㄹ
꿨,6,ㄲㅝㅆ
꿩,6,ㄲㅝㅇ
꿰,3,ㄲㅞ
꿱,6,ㄲㅞㄱ
꿴,6,ㄲㅞㄴ
꿸,6,ㄲㅞㄹ
뀀,6,ㄲㅞㅁ
뀁,6,ㄲㅞㅂ
뀄,6,ㄲㅞㅆ
뀌,3,ㄲㅟ
뀐,6,ㄲㅟㄴ
뀔,6,ㄲㅟㄹ
뀜,6,ㄲㅟㅁ
뀝,6,ㄲㅟㅂ
뀨,2,ㄲㅠ
끄,2,ㄲㅡ
끅,5,ㄲㅡㄱ
끈,5,ㄲㅡㄴ
끊,5,ㄲㅡㄶ
끌,5,ㄲㅡㄹ
끎,5,ㄲㅡㄻ
끓,5,ㄲㅡㅀ
끔,5,ㄲㅡㅁ
끕,5,ㄲㅡㅂ
끗,5,ㄲㅡㅅ
끙,5,ㄲㅡㅇ
끝,5,ㄲㅡㅌ
끼,1,ㄲㅣ
끽,4,ㄲㅣㄱ
낀,4,ㄲㅣㄴ
낄,4,ㄲㅣㄹ
낌,4,ㄲㅣㅁ
낍,4,ㄲㅣㅂ
낏,4,ㄲㅣㅅ
낑,4,ㄲㅣㅇ
나,1,ㄴㅏ
낙,4,ㄴㅏㄱ
낚,4,ㄴㅏㄲ
난,4,ㄴㅏㄴ
낟,4,ㄴㅏㄷ
날,4,ㄴㅏㄹ
낡,4,ㄴㅏㄺ
낢,4,ㄴㅏㄻ
남,4,ㄴㅏㅁ
납,4,ㄴㅏㅂ
낫,4,ㄴㅏㅅ
났,4,ㄴㅏㅆ
낭,4,ㄴㅏㅇ
낮,4,ㄴㅏㅈ
낯,4,ㄴㅏㅊ
낱,4,ㄴㅏㅌ
낳,4,ㄴㅏㅎ
내,1,ㄴㅐ
낵,4,ㄴㅐㄱ
낸,4,ㄴㅐㄴ
낼,4,ㄴㅐㄹ
냄,4,ㄴㅐㅁ
냅,4,ㄴㅐㅂ
냇,4,ㄴㅐㅅ
냈,4,ㄴㅐㅆ
냉,4,ㄴㅐㅇ
냐,1,ㄴㅑ
냑,4,ㄴㅑㄱ
냔,4,ㄴㅑㄴ
냘,4,ㄴㅑㄹ
냠,4,ㄴㅑㅁ
냥,4,ㄴㅑㅇ
너,1,ㄴㅓ
넉,4,ㄴㅓㄱ
넋,4,ㄴㅓㄳ
넌,4,ㄴㅓㄴ
널,4,ㄴㅓㄹ
넒,4,ㄴㅓㄻ
넓,4,ㄴㅓㄼ
넘,4,ㄴㅓㅁ
넙,4,ㄴㅓㅂ
넛,4,ㄴㅓㅅ
넜,4,ㄴㅓㅆ
넝,4,ㄴㅓㅇ
넣,4,ㄴㅓㅎ
네,1,ㄴㅔ
넥,4,ㄴㅔㄱ
넨,4,ㄴㅔㄴ
넬,4,ㄴㅔㄹ
넴,4,ㄴㅔㅁ
넵,4,ㄴㅔㅂ
넷,4,ㄴㅔㅅ
넸,4,ㄴㅔㅆ
넹,4,ㄴㅔㅇ
녀,1,ㄴㅕ
녁,4,ㄴㅕㄱ
년,4,ㄴㅕㄴ
녈,4,ㄴㅕㄹ
념,4,ㄴㅕㅁ
녑,4,ㄴㅕㅂ
녔,4,ㄴㅕㅆ
녕,4,ㄴㅕㅇ
녘,4,ㄴㅕㅋ
녜,1,ㄴㅖ
녠,4,ㄴㅖㄴ
노,2,ㄴㅗ
녹,5,ㄴㅗㄱ
논,5,ㄴㅗㄴ
놀,5,ㄴㅗㄹ
놂,5,ㄴㅗㄻ
놈,5,ㄴㅗㅁ
놉,5,ㄴㅗㅂ
놋,5,ㄴㅗㅅ
농,5,ㄴㅗㅇ
높,5,ㄴㅗㅍ
놓,5,ㄴㅗㅎ
놔,3,ㄴㅘ
놘,6,ㄴㅘㄴ
놜,6,ㄴㅘㄹ
놨,6,ㄴㅘㅆ
뇌,3,ㄴㅚ
뇐,6,ㄴㅚㄴ
뇔,6,ㄴㅚㄹ
뇜,6,ㄴㅚㅁ
뇝,6,ㄴㅚㅂ
뇟,6,ㄴㅚㅅ
뇨,2,ㄴㅛ
뇩,5,ㄴㅛㄱ
뇬,5,ㄴㅛㄴ
뇰,5,ㄴㅛㄹ
뇹,5,ㄴㅛㅂ
뇻,5,ㄴㅛㅅ
뇽,5,ㄴㅛㅇ
누,2,ㄴㅜ
눅,5,ㄴㅜㄱ
눈,5,ㄴㅜㄴ
눋,5,ㄴㅜㄷ
눌,5,ㄴㅜㄹ
눔,5,ㄴㅜㅁ
눕,5,ㄴㅜㅂ
눗,5,ㄴㅜㅅ
눙,5,ㄴㅜㅇ
눠,3,ㄴㅝ
눴,6,ㄴㅝㅆ
눼,3,ㄴㅞ
뉘,3,ㄴㅟ
뉜,6,ㄴㅟㄴ
뉠,6,ㄴㅟㄹ
뉨,6,ㄴㅟㅁ
뉩,6,ㄴㅟㅂ
뉴,2,ㄴㅠ
뉵,5,ㄴㅠㄱ
뉼,5,ㄴㅠㄹ
늄,5,ㄴㅠㅁ
늅,5,ㄴㅠㅂ
늉,5,ㄴㅠㅇ
느,2,ㄴㅡ
늑,5,ㄴㅡㄱ
는,5,ㄴㅡㄴ
늘,5,ㄴㅡㄹ
늙,5,ㄴㅡㄺ
늚,5,ㄴㅡㄻ
늠,5,ㄴㅡㅁ
늡,5,ㄴㅡㅂ
늣,5,ㄴㅡㅅ
능,5,ㄴㅡㅇ
늦,5,ㄴㅡㅋ
늪,5,ㄴㅡㅍ
늬,3,ㄴㅢ
늰,6,ㄴㅢㄴ
늴,6,ㄴㅢㄹ
니,1,ㄴㅣ
닉,4,ㄴㅣㄱ
닌,4,ㄴㅣㄴ
닐,4,ㄴㅣㄹ
닒,4,ㄴㅣㄻ
님,4,ㄴㅣㅁ
닙,4,ㄴㅣㅂ
닛,4,ㄴㅣㅅ
닝,4,ㄴㅣㅇ
닢,4,ㄴㅣㅍ
다,1,ㄷㅏ
닥,4,ㄷㅏㄱ
닦,4,ㄷㅏㄲ
단,4,ㄷㅏㄴ
닫,4,ㄷㅏㄷ
달,4,ㄷㅏㄹ
닭,4,ㄷㅏㄺ
닮,4,ㄷㅏㄻ
닯,4,ㄷㅏㄼ
닳,4,ㄷㅏㅀ
담,4,ㄷㅏㅁ
답,4,ㄷㅏㅂ
닷,4,ㄷㅏㅅ
닸,4,ㄷㅏㅆ
당,4,ㄷㅏㅇ
닺,4,ㄷㅏㅈ
닻,4,ㄷㅏㅊ
닿,4,ㄷㅏㅎ
대,1,ㄷㅐ
댁,4,ㄷㅐㄱ
댄,4,ㄷㅐㄴ
댈,4,ㄷㅐㄹ
댐,4,ㄷㅐㅁ
댑,4,ㄷㅐㅂ
댓,4,ㄷㅐㅅ
댔,4,ㄷㅐㅆ
댕,4,ㄷㅐㅇ
댜,1,ㄷㅑ
더,1,ㄷㅓ
덕,4,ㄷㅓㄱ
덖,4,ㄷㅓㄲ
던,4,ㄷㅓㄴ
덛,4,ㄷㅓㄷ
덜,4,ㄷㅓㄹ
덞,4,ㄷㅓㄻ
덟,4,ㄷㅓㄼ
덤,4,ㄷㅓㅁ
덥,4,ㄷㅓㅂ
덧,4,ㄷㅓㅅ
덩,4,ㄷㅓㅇ
덫,4,ㄷㅓㅊ
덮,4,ㄷㅓㅍ
데,1,ㄷㅔ
덱,4,ㄷㅔㄱ
덴,4,ㄷㅔㄴ
델,4,ㄷㅔㄹ
뎀,4,ㄷㅔㅁ
뎁,4,ㄷㅔㅂ
뎃,4,ㄷㅔㅅ
뎄,4,ㄷㅔㅆ
뎅,4,ㄷㅔㅇ
뎌,1,ㄷㅕ
뎐,4,ㄷㅕㄴ
뎔,4,ㄷㅕㄹ
뎠,4,ㄷㅕㅆ
뎡,4,ㄷㅕㅇ
뎨,1,ㄷㅖ
뎬,4,ㄷㅖㄴ
도,2,ㄷㅗ
독,5,ㄷㅗㄱ
돈,5,ㄷㅗㄴ
돋,5,ㄷㅗㄷ
돌,5,ㄷㅗㄹ
돎,5,ㄷㅗㄻ
돐,5,ㄷㅗㄽ
돔,5,ㄷㅗㅁ
돕,5,ㄷㅗㅂ
돗,5,ㄷㅗㅅ
동,5,ㄷㅗㅇ
돛,5,ㄷㅗㅊ
돝,5,ㄷㅗㅌ
돠,3,ㄷㅘ
돤,6,ㄷㅘㄴ
돨,6,ㄷㅘㄹ
돼,3,ㄷㅙ
됐,6,ㄷㅙㅆ
되,3,ㄷㅚ
된,6,ㄷㅚㄴ
될,6,ㄷㅚㄹ
됨,6,ㄷㅚㅁ
됩,6,ㄷㅚㅂ
됫,6,ㄷㅚㅅ
됴,2,ㄷㅛ
두,2,ㄷㅜ
둑,5,ㄷㅜㄱ
둔,5,ㄷㅜㄴ
둘,5,ㄷㅜㄹ
둠,5,ㄷㅜㅁ
둡,5,ㄷㅜㅂ
둣,5,ㄷㅜㅅ
둥,5,ㄷㅜㅇ
둬,3,ㄷㅝ
뒀,6,ㄷㅝㅆ
뒈,3,ㄷㅞ
뒝,6,ㄷㅞㅇ
뒤,3,ㄷㅟ
뒨,6,ㄷㅟㄴ
뒬,6,ㄷㅟㄹ
뒵,6,ㄷㅟㅂ
뒷,6,ㄷㅟㅅ
뒹,6,ㄷㅟㅇ
듀,2,ㄷㅠ
듄,5,ㄷㅠㄴ
듈,5,ㄷㅠㄹ
듐,5,ㄷㅠㅁ
듕,5,ㄷㅠㅇ
드,2,ㄷㅡ
득,5,ㄷㅡㄱ
든,5,ㄷㅡㄴ
듣,5,ㄷㅡㄷ
들,5,ㄷㅡㄹ
듦,5,ㄷㅡㄻ
듬,5,ㄷㅡㅁ
듭,5,ㄷㅡㅂ
듯,5,ㄷㅡㅅ
등,5,ㄷㅡㅇ
듸,3,ㄷㅢ
디,1,ㄷㅣ
딕,4,ㄷㅣㄱ
딘,4,ㄷㅣㄴ
딛,4,ㄷㅣㄷ
딜,4,ㄷㅣㄹ
딤,4,ㄷㅣㅁ
딥,4,ㄷㅣㅂ
딧,4,ㄷㅣㅅ
딨,4,ㄷㅣㅆ
딩,4,ㄷㅣㅇ
딪,4,ㄷㅣㅈ
따,1,ㄸㅏ
딱,4,ㄸㅏㄱ
딴,4,ㄸㅏㄴ
딸,4,ㄸㅏㄹ
땀,4,ㄸㅏㅁ
땁,4,ㄸㅏㅂ
땃,4,ㄸㅏㅅ
땄,4,ㄸㅏㅆ
땅,4,ㄸㅏㅇ
땋,4,ㄸㅏㅎ
때,1,ㄸㅐ
땍,4,ㄸㅐㄱ
땐,4,ㄸㅐㄴ
땔,4,ㄸㅐㄹ
땜,4,ㄸㅐㅁ
땝,4,ㄸㅐㅂ
땟,4,ㄸㅐㅅ
땠,4,ㄸㅐㅆ
땡,4,ㄸㅐㅇ
떠,1,ㄸㅓ
떡,4,ㄸㅓㄱ
떤,4,ㄸㅓㄴ
떨,4,ㄸㅓㄹ
떪,4,ㄸㅓㄻ
떫,4,ㄸㅓㄼ
떰,4,ㄸㅓㅁ
떱,4,ㄸㅓㅂ
떳,4,ㄸㅓㅅ
떴,4,ㄸㅓㅆ
떵,4,ㄸㅓㅇ
떻,4,ㄸㅓㅎ
떼,1,ㄸㅔ
떽,4,ㄸㅔㄱ
뗀,4,ㄸㅔㄴ
뗄,4,ㄸㅔㄹ
뗌,4,ㄸㅔㅁ
뗍,4,ㄸㅔㅂ
뗏,4,ㄸㅔㅅ
뗐,4,ㄸㅔㅆ
뗑,4,ㄸㅔㅇ
뗘,1,ㄸㅕ
뗬,4,ㄸㅕㅆ
또,2,ㄸㅗ
똑,5,ㄸㅗㄱ
똔,5,ㄸㅗㄴ
똘,5,ㄸㅗㄹ
똥,5,ㄸㅗㅇ
똬,3,ㄸㅘ
똴,6,ㄸㅘㄹ
뙈,3,ㄸㅙ
뙤,3,ㄸㅚ
뙨,6,ㄸㅚㄴ
뚜,2,ㄸㅜ
뚝,5,ㄸㅜㄱ
뚠,5,ㄸㅜㄴ
뚤,5,ㄸㅜㄹ
뚫,5,ㄸㅜㅀ
뚬,5,ㄸㅜㅁ
뚱,5,ㄸㅜㅇ
뛔,3,ㄸㅞ
뛰,3,ㄸㅟ
뛴,6,ㄸㅟㄴ
뛸,6,ㄸㅟㄹ
뜀,6,ㄸㅟㅁ
뜁,6,ㄸㅟㅂ
뜅,6,ㄸㅟㅇ
뜨,2,ㄸㅡ
뜩,5,ㄸㅡㄱ
뜬,5,ㄸㅡㄴ
뜯,5,ㄸㅡㄷ
뜰,5,ㄸㅡㄹ
뜸,5,ㄸㅡㅁ
뜹,5,ㄸㅡㅂ
뜻,5,ㄸㅡㅅ
띄,3,ㄸㅢ
띈,6,ㄸㅢㄴ
띌,6,ㄸㅢㄹ
띔,6,ㄸㅢㅁ
띕,6,ㄸㅢㅂ
띠,1,ㄸㅣ
띤,4,ㄸㅣㄴ
띨,4,ㄸㅣㄹ
띰,4,ㄸㅣㅁ
띱,4,ㄸㅣㅂ
띳,4,ㄸㅣㅅ
띵,4,ㄸㅣㅇ
라,1,ㄹㅏ
락,4,ㄹㅏㄱ
란,4,ㄹㅏㄴ
랄,4,ㄹㅏㄹ
람,4,ㄹㅏㅁ
랍,4,ㄹㅏㅂ
랏,4,ㄹㅏㅅ
랐,4,ㄹㅏㅆ
랑,4,ㄹㅏㅇ
랒,4,ㄹㅏㅈ
랖,4,ㄹㅏㅍ
랗,4,ㄹㅏㅎ
래,1,ㄹㅐ
랙,4,ㄹㅐㄱ
랜,4,ㄹㅐㄴ
랠,4,ㄹㅐㄹ
램,4,ㄹㅐㅁ
랩,4,ㄹㅐㅂ
랫,4,ㄹㅐㅅ
랬,4,ㄹㅐㅆ
랭,4,ㄹㅐㅇ
랴,1,ㄹㅑ
략,4,ㄹㅑㄱ
랸,4,ㄹㅑㄴ
럇,4,ㄹㅑㅅ
량,4,ㄹㅑㅇ
러,1,ㄹㅓ
럭,4,ㄹㅓㄱ
런,4,ㄹㅓㄴ
럴,4,ㄹㅓㄹ
럼,4,ㄹㅓㅁ
럽,4,ㄹㅓㅂ
럿,4,ㄹㅓㅅ
렀,4,ㄹㅓㅆ
렁,4,ㄹㅓㅇ
렇,4,ㄹㅓㅎ
레,1,ㄹㅔ
렉,4,ㄹㅔㄱ
렌,4,ㄹㅔㄴ
렐,4,ㄹㅔㄹ
렘,4,ㄹㅔㅁ
렙,4,ㄹㅔㅂ
렛,4,ㄹㅔㅅ
렝,4,ㄹㅔㅇ
려,1,ㄹㅕ
력,4,ㄹㅕㄱ
련,4,ㄹㅕㄴ
렬,4,ㄹㅕㄹ
렴,4,ㄹㅕㅁ
렵,4,ㄹㅕㅂ
렷,4,ㄹㅕㅅ
렸,4,ㄹㅕㅆ
령,4,ㄹㅕㅇ
례,1,ㄹㅖ
롄,4,ㄹㅖㄴ
롑,4,ㄹㅖㅂ
롓,4,ㄹㅖㅅ
로,2,ㄹㅗ
록,5,ㄹㅗㄱ
론,5,ㄹㅗㄴ
롤,5,ㄹㅗㄹ
롬,5,ㄹㅗㅁ
롭,5,ㄹㅗㅂ
롯,5,ㄹㅗㅅ
롱,5,ㄹㅗㅇ
롸,3,ㄹㅘ
롼,6,ㄹㅘㄴ
뢍,6,ㄹㅘㅇ
뢨,6,ㄹㅙㅆ
뢰,3,ㄹㅚ
뢴,6,ㄹㅚㄴ
뢸,6,ㄹㅚㄹ
룀,6,ㄹㅚㅁ
룁,6,ㄹㅚㅂ
룃,6,ㄹㅚㅅ
룅,6,ㄹㅚㅇ
료,2,ㄹㅛ
룐,5,ㄹㅛㄴ
룔,5,ㄹㅛㄹ
룝,5,ㄹㅛㅂ
룟,5,ㄹㅛㅅ
룡,5,ㄹㅛㅇ
루,2,ㄹㅜ
룩,5,ㄹㅜㄱ
룬,5,ㄹㅜㄴ
룰,5,ㄹㅜㄹ
룸,5,ㄹㅜㅁ
룹,5,ㄹㅜㅂ
룻,5,ㄹㅜㅅ
룽,5,ㄹㅜㅇ
뤄,3,ㄹㅝ
뤘,6,ㄹㅝㅆ
뤠,3,ㄹㅞ
뤼,3,ㄹㅟ
뤽,6,ㄹㅟㄱ
륀,6,ㄹㅟㄴ
륄,6,ㄹㅟㄹ
륌,6,ㄹㅟㅁ
륏,6,ㄹㅟㅅ
륑,6,ㄹㅟㅇ
류,2,ㄹㅠ
륙,5,ㄹㅠㄱ
륜,5,ㄹㅠㄴ
률,5,ㄹㅠㄹ
륨,5,ㄹㅠㅁ
륩,5,ㄹㅠㅂ
륫,5,ㄹㅠㅅ
륭,5,ㄹㅠㅇ
르,2,ㄹㅡ
륵,5,ㄹㅡㄱ
른,5,ㄹㅡㄴ
를,5,ㄹㅡㄹ
름,5,ㄹㅡㅁ
릅,5,ㄹㅡㅂ
릇,5,ㄹㅡㅅ
릉,5,ㄹㅡㅇ
릊,5,ㄹㅡㅈ
릍,5,ㄹㅡㅌ
릎,5,ㄹㅡㅍ
리,1,ㄹㅣ
릭,4,ㄹㅣㄱ
린,4,ㄹㅣㄴ
릴,4,ㄹㅣㄹ
림,4,ㄹㅣㅁ
립,4,ㄹㅣㅂ
릿,4,ㄹㅣㅅ
링,4,ㄹㅣㅇ
마,1,ㅁㅏ
막,4,ㅁㅏㄱ
만,4,ㅁㅏㄴ
많,4,ㅁㅏㄶ
맏,4,ㅁㅏㄷ
말,4,ㅁㅏㄹ
맑,4,ㅁㅏㄺ
맒,4,ㅁㅏㄻ
맘,4,ㅁㅏㅁ
맙,4,ㅁㅏㅂ
맛,4,ㅁㅏㅅ
망,4,ㅁㅏㅇ
맞,4,ㅁㅏㅈ
맡,4,ㅁㅏㅌ
맣,4,ㅁㅏㅎ
매,1,ㅁㅐ
맥,4,ㅁㅐㄱ
맨,4,ㅁㅐㄴ
맬,4,ㅁㅐㄹ
맴,4,ㅁㅐㅁ
맵,4,ㅁㅐㅂ
맷,4,ㅁㅐㅅ
맸,4,ㅁㅐㅆ
맹,4,ㅁㅐㅇ
맺,4,ㅁㅐㅈ
먀,1,ㅁㅑ
먁,4,ㅁㅑㄱ
먈,4,ㅁㅑㄹ
먕,4,ㅁㅑㅇ
머,1,ㅁㅓ
먹,4,ㅁㅓㄱ
먼,4,ㅁㅓㄴ
멀,4,ㅁㅓㄹ
멂,4,ㅁㅓㄻ
멈,4,ㅁㅓㅁ
멉,4,ㅁㅓㅂ
멋,4,ㅁㅓㅅ
멍,4,ㅁㅓㅇ
멎,4,ㅁㅓㅈ
멓,4,ㅁㅓㅎ
메,1,ㅁㅔ
멕,4,ㅁㅔㄱ
멘,4,ㅁㅔㄴ
멜,4,ㅁㅔㄹ
멤,4,ㅁㅔㅁ
멥,4,ㅁㅔㅂ
멧,4,ㅁㅔㅅ
멨,4,ㅁㅔㅆ
멩,4,ㅁㅔㅇ
며,1,ㅁㅕ
멱,4,ㅁㅕㄱ
면,4,ㅁㅕㄴ
멸,4,ㅁㅕㄹ
몃,4,ㅁㅕㅅ
몄,4,ㅁㅕㅆ
명,4,ㅁㅕㅇ
몇,4,ㅁㅕㅊ
몌,1,ㅁㅖ
모,2,ㅁㅗ
목,5,ㅁㅗㄱ
몫,5,ㅁㅗㄳ
몬,5,ㅁㅗㄴ
몰,5,ㅁㅗㄹ
몲,5,ㅁㅗㄻ
몸,5,ㅁㅗㅁ
몹,5,ㅁㅗㅂ
못,5,ㅁㅗㅅ
몽,5,ㅁㅗㅇ
뫄,3,ㅁㅘ
뫈,6,ㅁㅘㄴ
뫘,6,ㅁㅘㅆ
뫙,6,ㅁㅘㅇ
뫼,3,ㅁㅚ
묀,6,ㅁㅚㄴ
묄,6,ㅁㅚㄹ
묍,6,ㅁㅚㅂ
묏,6,ㅁㅚㅅ
묑,6,ㅁㅚㅇ
묘,2,ㅁㅛ
묜,5,ㅁㅛㄴ
묠,5,ㅁㅛㄹ
묩,5,ㅁㅛㅂ
묫,5,ㅁㅛㅅ
무,2,ㅁㅜ
묵,5,ㅁㅜㄱ
묶,5,ㅁㅜㄲ
문,5,ㅁㅜㄴ
묻,5,ㅁㅜㄷ
물,5,ㅁㅜㄹ
묽,5,ㅁㅜㄺ
묾,5,ㅁㅜㄻ
뭄,5,ㅁㅜㅁ
뭅,5,ㅁㅜㅂ
뭇,5,ㅁㅜㅅ
뭉,5,ㅁㅜㅇ
뭍,5,ㅁㅜㅌ
뭏,5,ㅁㅜㅎ
뭐,3,ㅁㅝ
뭔,6,ㅁㅝㄴ
뭘,6,ㅁㅝㄹ
뭡,6,ㅁㅝㅂ
뭣,6,ㅁㅝㅅ
뭬,3,ㅁㅞ
뮈,3,ㅁㅟ
뮌,6,ㅁㅟㄴ
뮐,6,ㅁㅟㄹ
뮤,2,ㅁㅠ
뮨,5,ㅁㅠㄴ
뮬,5,ㅁㅠㄹ
뮴,5,ㅁㅠㅁ
뮷,5,ㅁㅠㅅ
므,2,ㅁㅡ
믄,5,ㅁㅡㄴ
믈,5,ㅁㅡㄹ
믐,5,ㅁㅡㅁ
믓,5,ㅁㅡㅅ
미,1,ㅁㅣ
믹,4,ㅁㅣㄱ
민,4,ㅁㅣㄴ
믿,4,ㅁㅣㄷ
밀,4,ㅁㅣㄹ
밂,4,ㅁㅣㄻ
밈,4,ㅁㅣㅁ
밉,4,ㅁㅣㅂ
밋,4,ㅁㅣㅅ
밌,4,ㅁㅣㅆ
밍,4,ㅁㅣㅇ
및,4,ㅁㅣㅊ
밑,4,ㅁㅣㅌ
바,1,ㅂㅏ
박,4,ㅂㅏㄱ
밖,4,ㅂㅏㄲ
밗,4,ㅂㅏㄳ
반,4,ㅂㅏㄴ
받,4,ㅂㅏㄷ
발,4,ㅂㅏㄹ
밝,4,ㅂㅏㄺ
밞,4,ㅂㅏㄻ
밟,4,ㅂㅏㄼ
밤,4,ㅂㅏㅁ
밥,4,ㅂㅏㅂ
밧,4,ㅂㅏㅅ
방,4,ㅂㅏㅇ
밭,4,ㅂㅏㅌ
배,1,ㅂㅐ
백,4,ㅂㅐㄱ
밴,4,ㅂㅐㄴ
밸,4,ㅂㅐㄹ
뱀,4,ㅂㅐㅁ
뱁,4,ㅂㅐㅂ
뱃,4,ㅂㅐㅅ
뱄,4,ㅂㅐㅆ
뱅,4,ㅂㅐㅇ
뱉,4,ㅂㅐㅌ
뱌,1,ㅂㅑ
뱍,4,ㅂㅑㄱ
뱐,4,ㅂㅑㄴ
뱝,4,ㅂㅑㅂ
버,1,ㅂㅓ
벅,4,ㅂㅓㄱ
번,4,ㅂㅓㄴ
벋,4,ㅂㅓㄷ
벌,4,ㅂㅓㄹ
벎,4,ㅂㅓㄻ
범,4,ㅂㅓㅁ
법,4,ㅂㅓㅂ
벗,4,ㅂㅓㅅ
벙,4,ㅂㅓㅇ
벚,4,ㅂㅓㅈ
베,1,ㅂㅔ
벡,4,ㅂㅔㄱ
벤,4,ㅂㅔㄴ
벧,4,ㅂㅔㄷ
벨,4,ㅂㅔㄹ
벰,4,ㅂㅔㅁ
벱,4,ㅂㅔㅂ
벳,4,ㅂㅔㅅ
벴,4,ㅂㅔㅆ
벵,4,ㅂㅔㅇ
벼,1,ㅂㅕ
벽,4,ㅂㅕㄱ
변,4,ㅂㅕㄴ
별,4,ㅂㅕㄹ
볍,4,ㅂㅕㅂ
볏,4,ㅂㅕㅅ
볐,4,ㅂㅕㅆ
병,4,ㅂㅕㅇ
볕,4,ㅂㅕㅌ
볘,1,ㅂㅖ
볜,4,ㅂㅖㄴ
보,2,ㅂㅗ
복,5,ㅂㅗㄱ
볶,5,ㅂㅗㄲ
본,5,ㅂㅗㄴ
볼,5,ㅂㅗㄹ
봄,5,ㅂㅗㅁ
봅,5,ㅂㅗㅂ
봇,5,ㅂㅗㅅ
봉,5,ㅂㅗㅇ
봐,3,ㅂㅘ
봔,6,ㅂㅘㄴ
봤,6,ㅂㅘㅆ
봬,3,ㅂㅙ
뵀,6,ㅂㅙㅆ
뵈,3,ㅂㅚ
뵉,6,ㅂㅚㄱ
뵌,6,ㅂㅚㄴ
뵐,6,ㅂㅚㄹ
뵘,6,ㅂㅚㅁ
뵙,6,ㅂㅚㅂ
뵤,2,ㅂㅛ
뵨,5,ㅂㅛㄴ
부,2,ㅂㅜ
북,5,ㅂㅜㄱ
분,5,ㅂㅜㄴ
붇,5,ㅂㅜㄷ
불,5,ㅂㅜㄹ
붉,5,ㅂㅜㄺ
붊,5,ㅂㅜㄻ
붐,5,ㅂㅜㅁ
붑,5,ㅂㅜㅂ
붓,5,ㅂㅜㅅ
붕,5,ㅂㅜㅇ
붙,5,ㅂㅜㅌ
붚,5,ㅂㅜㅍ
붜,3,ㅂㅝ
붤,6,ㅂㅝㄹ
붰,6,ㅂㅝㅆ
붸,3,ㅂㅞ
뷔,3,ㅂㅟ
뷕,6,ㅂㅟㄱ
뷘,6,ㅂㅟㄴ
뷜,6,ㅂㅟㄹ
뷩,6,ㅂㅟㅇ
뷰,2,ㅂㅠ
뷴,5,ㅂㅠㄴ
뷸,5,ㅂㅠㄹ
븀,5,ㅂㅠㅁ
븃,5,ㅂㅠㅅ
븅,5,ㅂㅠㅇ
브,2,ㅂㅡ
븍,5,ㅂㅡㄱ
븐,5,ㅂㅡㄴ
블,5,ㅂㅡㄹ
븜,5,ㅂㅡㅁ
븝,5,ㅂㅡㅂ
븟,5,ㅂㅡㅅ
비,1,ㅂㅣ
빅,4,ㅂㅣㄱ
빈,4,ㅂㅣㄴ
빌,4,ㅂㅣㄹ
빎,4,ㅂㅣㄻ
빔,4,ㅂㅣㅁ
빕,4,ㅂㅣㅂ
빗,4,ㅂㅣㅅ
빙,4,ㅂㅣㅇ
빚,4,ㅂㅣㅈ
빛,4,ㅂㅣㅊ
빠,1,ㅃㅏ
빡,4,ㅃㅏㄱ
빤,4,ㅃㅏㄴ
빨,4,ㅃㅏㄹ
빪,4,ㅃㅏㄻ
빰,4,ㅃㅏㅁ
빱,4,ㅃㅏㅂ
빳,4,ㅃㅏㅅ
빴,4,ㅃㅏㅆ
빵,4,ㅃㅏㅇ
빻,4,ㅃㅏㅎ
빼,1,ㅃㅐ
빽,4,ㅃㅐㄱ
뺀,4,ㅃㅐㄴ
뺄,4,ㅃㅐㄹ
뺌,4,ㅃㅐㅁ
뺍,4,ㅃㅐㅂ
뺏,4,ㅃㅐㅅ
뺐,4,ㅃㅐㅆ
뺑,4,ㅃㅐㅇ
뺘,1,ㅃㅑ
뺙,4,ㅃㅑㄱ
뺨,4,ㅃㅑㅁ
뻐,1,ㅃㅓ
뻑,4,ㅃㅓㄱ
뻔,4,ㅃㅓㄴ
뻗,4,ㅃㅓㄷ
뻘,4,ㅃㅓㄹ
뻠,4,ㅃㅓㅁ
뻣,4,ㅃㅓㅅ
뻤,4,ㅃㅓㅆ
뻥,4,ㅃㅓㅇ
뻬,1,ㅃㅔ
뼁,4,ㅃㅔㅇ
뼈,1,ㅃㅕ
뼉,4,ㅃㅕㄱ
뼘,4,ㅃㅕㅁ
뼙,4,ㅃㅕㅂ
뼛,4,ㅃㅕㅅ
뼜,4,ㅃㅕㅆ
뼝,4,ㅃㅕㅇ
뽀,2,ㅃㅗ
뽁,5,ㅃㅗㄱ
뽄,5,ㅃㅗㄴ
뽈,5,ㅃㅗㄹ
뽐,5,ㅃㅗㅁ
뽑,5,ㅃㅗㅂ
뽕,5,ㅃㅗㅇ
뾔,3,ㅃㅚ
뾰,2,ㅃㅛ
뿅,5,ㅃㅛㅇ
뿌,2,ㅃㅜ
뿍,5,ㅃㅜㄱ
뿐,5,ㅃㅜㄴ
뿔,5,ㅃㅜㄹ
뿜,5,ㅃㅜㅁ
뿟,5,ㅃㅜㅅ
뿡,5,ㅃㅜㅇ
쀼,2,ㅃㅠ
쁑,5,ㅃㅠㅇ
쁘,2,ㅃㅡ
쁜,5,ㅃㅡㄴ
쁠,5,ㅃㅡㄹ
쁨,5,ㅃㅡㅁ
쁩,5,ㅃㅡㅂ
삐,1,ㅃㅣ
삑,4,ㅃㅣㄱ
삔,4,ㅃㅣㄴ
삘,4,ㅃㅣㄹ
삠,4,ㅃㅣㅁ
삡,4,ㅃㅣㅂ
삣,4,ㅃㅣㅅ
삥,4,ㅃㅣㅇ
사,1,ㅅㅏ
삭,4,ㅅㅏㄱ
삯,4,ㅅㅏㄳ
산,4,ㅅㅏㄴ
삳,4,ㅅㅏㄷ
살,4,ㅅㅏㄹ
삵,4,ㅅㅏㄺ
삶,4,ㅅㅏㄻ
삼,4,ㅅㅏㅁ
삽,4,ㅅㅏㅂ
삿,4,ㅅㅏㅅ
샀,4,ㅅㅏㅆ
상,4,ㅅㅏㅇ
샅,4,ㅅㅏㅌ
새,1,ㅅㅐ
색,4,ㅅㅐㄱ
샌,4,ㅅㅐㄴ
샐,4,ㅅㅐㄹ
샘,4,ㅅㅐㅁ
샙,4,ㅅㅐㅂ
샛,4,ㅅㅐㅅ
샜,4,ㅅㅐㅆ
생,4,ㅅㅐㅇ
샤,1,ㅅㅑ
샥,4,ㅅㅑㄱ
샨,4,ㅅㅑㄴ
샬,4,ㅅㅑㄹ
샴,4,ㅅㅑㅁ
샵,4,ㅅㅑㅂ
샷,4,ㅅㅑㅅ
샹,4,ㅅㅑㅇ
섀,1,ㅅㅒ
섄,4,ㅅㅒㄴ
섈,4,ㅅㅒㄹ
섐,4,ㅅㅒㅁ
섕,4,ㅅㅒㅇ
서,1,ㅅㅓ
석,4,ㅅㅓㄱ
섞,4,ㅅㅓㄲ
섟,4,ㅅㅓㄳ
선,4,ㅅㅓㄴ
섣,4,ㅅㅓㄷ
설,4,ㅅㅓㄹ
섦,4,ㅅㅓㄻ
섧,4,ㅅㅓㄼ
섬,4,ㅅㅓㅁ
섭,4,ㅅㅓㅂ
섯,4,ㅅㅓㅅ
섰,4,ㅅㅓㅆ
성,4,ㅅㅓㅇ
섶,4,ㅅㅓㅍ
세,1,ㅅㅔ
섹,4,ㅅㅔㄱ
센,4,ㅅㅔㄴ
셀,4,ㅅㅔㄹ
셈,4,ㅅㅔㅁ
셉,4,ㅅㅔㅂ
셋,4,ㅅㅔㅅ
셌,4,ㅅㅔㅆ
셍,4,ㅅㅔㅇ
셔,1,ㅅㅕ
셕,4,ㅅㅕㄱ
션,4,ㅅㅕㄴ
셜,4,ㅅㅕㄹ
셤,4,ㅅㅕㅁ
셥,4,ㅅㅕㅂ
셧,4,ㅅㅕㅅ
셨,4,ㅅㅕㅆ
셩,4,ㅅㅕㅇ
셰,1,ㅅㅖ
셴,4,ㅅㅖㄴ
셸,4,ㅅㅖㄹ
솅,4,ㅅㅖㅇ
소,2,ㅅㅗ
속,5,ㅅㅗㄱ
솎,5,ㅅㅗㄲ
손,5,ㅅㅗㄴ
솔,5,ㅅㅗㄹ
솖,5,ㅅㅗㄻ
솜,5,ㅅㅗㅁ
솝,5,ㅅㅗㅂ
솟,5,ㅅㅗㅅ
송,5,ㅅㅗㅇ
솥,5,ㅅㅗㅌ
솨,3,ㅅㅘ
솩,6,ㅅㅘㄱ
솬,6,ㅅㅘㄴ
솰,6,ㅅㅘㄹ
솽,6,ㅅㅘㅇ
쇄,3,ㅅㅙ
쇈,6,ㅅㅙㄴ
쇌,6,ㅅㅙㄹ
쇔,6,ㅅㅙㅁ
쇗,6,ㅅㅙㅅ
쇘,6,ㅅㅙㅆ
쇠,3,ㅅㅚ
쇤,6,ㅅㅚㄴ
쇨,6,ㅅㅚㄹ
쇰,6,ㅅㅚㅁ
쇱,6,ㅅㅚㅂ
쇳,6,ㅅㅚㅅ
쇼,2,ㅅㅛ
쇽,5,ㅅㅛㄱ
숀,5,ㅅㅛㄴ
숄,5,ㅅㅛㄹ
숌,5,ㅅㅛㅁ
숍,5,ㅅㅛㅂ
숏,5,ㅅㅛㅅ
숑,5,ㅅㅛㅇ
수,2,ㅅㅜ
숙,5,ㅅㅜㄱ
순,5,ㅅㅜㄴ
숟,5,ㅅㅜㄷ
술,5,ㅅㅜㄹ
숨,5,ㅅㅜㅁ
숩,5,ㅅㅜㅂ
숫,5,ㅅㅜㅅ
숭,5,ㅅㅜㅇ
숯,5,ㅅㅜㅊ
숱,5,ㅅㅜㅌ
숲,5,ㅅㅜㅍ
숴,3,ㅅㅝ
쉈,6,ㅅㅝㅆ
쉐,3,ㅅㅞ
쉑,6,ㅅㅞㄱ
쉔,6,ㅅㅞㄴ
쉘,6,ㅅㅞㄹ
쉠,6,ㅅㅞㅁ
쉥,6,ㅅㅞㅇ
쉬,3,ㅅㅟ
쉭,6,ㅅㅟㄱ
쉰,6,ㅅㅟㄴ
쉴,6,ㅅㅟㄹ
쉼,6,ㅅㅟㅁ
쉽,6,ㅅㅟㅂ
쉿,6,ㅅㅟㅅ
슁,6,ㅅㅟㅇ
슈,2,ㅅㅠ
슉,5,ㅅㅠㄱ
슐,5,ㅅㅠㄹ
슘,5,ㅅㅠㅁ
슛,5,ㅅㅠㅅ
슝,5,ㅅㅠㅇ
스,2,ㅅㅡ
슥,5,ㅅㅡㄱ
슨,5,ㅅㅡㄴ
슬,5,ㅅㅡㄹ
슭,5,ㅅㅡㄺ
슴,5,ㅅㅡㅁ
습,5,ㅅㅡㅂ
슷,5,ㅅㅡㅅ
승,5,ㅅㅡㅇ
시,1,ㅅㅣ
식,4,ㅅㅣㄱ
신,4,ㅅㅣㄴ
싣,4,ㅅㅣㄷ
실,4,ㅅㅣㄹ
싫,4,ㅅㅣㅀ
심,4,ㅅㅣㅁ
십,4,ㅅㅣㅂ
싯,4,ㅅㅣㅅ
싱,4,ㅅㅣㅇ
싶,4,ㅅㅣㅍ
싸,1,ㅆㅏ
싹,4,ㅆㅏㄱ
싻,4,ㅆㅏㄳ
싼,4,ㅆㅏㄴ
쌀,4,ㅆㅏㄹ
쌈,4,ㅆㅏㅁ
쌉,4,ㅆㅏㅂ
쌌,4,ㅆㅏㅆ
쌍,4,ㅆㅏㅇ
쌓,4,ㅆㅏㅎ
쌔,1,ㅆㅐ
쌕,4,ㅆㅐㄱ
쌘,4,ㅆㅐㄴ
쌜,4,ㅆㅐㄹ
쌤,4,ㅆㅐㅁ
쌥,4,ㅆㅐㅂ
쌨,4,ㅆㅐㅆ
쌩,4,ㅆㅐㅇ
썅,4,ㅆㅑㅇ
써,1,ㅆㅓ
썩,4,ㅆㅓㄱ
썬,4,ㅆㅓㄴ
썰,4,ㅆㅓㄹ
썲,4,ㅆㅓㄻ
썸,4,ㅆㅓㅁ
썹,4,ㅆㅓㅂ
썼,4,ㅆㅓㅆ
썽,4,ㅆㅓㅇ
쎄,1,ㅆㅔ
쎈,4,ㅆㅔㄴ
쎌,4,ㅆㅔㄹ
쏀,4,ㅆㅖㄴ
쏘,2,ㅆㅗ
쏙,5,ㅆㅗㄱ
쏜,5,ㅆㅗㄴ
쏟,5,ㅆㅗㄷ
쏠,5,ㅆㅗㄹ
쏢,5,ㅆㅗㄻ
쏨,5,ㅆㅗㅁ
쏩,5,ㅆㅗㅂ
쏭,5,ㅆㅗㅇ
쏴,3,ㅆㅘ
쏵,6,ㅆㅘㄱ
쏸,6,ㅆㅘㄴ
쐈,6,ㅆㅘㅆ
쐐,3,ㅆㅙ
쐤,6,ㅆㅙㅆ
쐬,3,ㅆㅚ
쐰,6,ㅆㅚㄴ
쐴,6,ㅆㅚㄹ
쐼,6,ㅆㅚㅁ
쐽,6,ㅆㅚㅂ
쑈,2,ㅆㅛ
쑤,2,ㅆㅜ
쑥,5,ㅆㅜㄱ
쑨,5,ㅆㅜㄴ
쑬,5,ㅆㅜㄹ
쑴,5,ㅆㅜㅁ
쑵,5,ㅆㅜㅂ
쑹,5,ㅆㅜㅇ
쒀,3,ㅆㅝ
쒔,6,ㅆㅝㅆ
쒜,3,ㅆㅞ
쒸,3,ㅆㅟ
쒼,6,ㅆㅟㄴ
쓩,5,ㅆㅠㅇ
쓰,2,ㅆㅡ
쓱,5,ㅆㅡㄱ
쓴,5,ㅆㅡㄴ
쓸,5,ㅆㅡㄹ
쓺,5,ㅆㅡㄻ
쓿,5,ㅆㅡㅀ
씀,5,ㅆㅡㅁ
씁,5,ㅆㅡㅂ
씌,3,ㅆㅢ
씐,6,ㅆㅢㄴ
씔,6,ㅆㅢㄹ
씜,6,ㅆㅢㅁ
씨,1,ㅆㅣ
씩,4,ㅆㅣㄱ
씬,4,ㅆㅣㄴ
씰,4,ㅆㅣㄹ
씸,4,ㅆㅣㅁ
씹,4,ㅆㅣㅂ
씻,4,ㅆㅣㅅ
씽,4,ㅆㅣㅇ
아,1,ㅇㅏ
악,4,ㅇㅏㄱ
안,4,ㅇㅏㄴ
앉,4,ㅇㅏㄵ
않,4,ㅇㅏㄶ
알,4,ㅇㅏㄹ
앍,4,ㅇㅏㄺ
앎,4,ㅇㅏㄻ
앓,4,ㅇㅏㅀ
암,4,ㅇㅏㅁ
압,4,ㅇㅏㅂ
앗,4,ㅇㅏㅅ
았,4,ㅇㅏㅆ
앙,4,ㅇㅏㅇ
앝,4,ㅇㅏㅌ
앞,4,ㅇㅏㅍ
애,1,ㅇㅐ
액,4,ㅇㅐㄱ
앤,4,ㅇㅐㄴ
앨,4,ㅇㅐㄹ
앰,4,ㅇㅐㅁ
앱,4,ㅇㅐㅂ
앳,4,ㅇㅐㅅ
앴,4,ㅇㅐㅆ
앵,4,ㅇㅐㅇ
야,1,ㅇㅑ
약,4,ㅇㅑㄱ
얀,4,ㅇㅑㄴ
얄,4,ㅇㅑㄹ
얇,4,ㅇㅑㄼ
얌,4,ㅇㅑㅁ
얍,4,ㅇㅑㅂ
얏,4,ㅇㅑㅅ
양,4,ㅇㅑㅇ
얕,4,ㅇㅑㅌ
얗,4,ㅇㅑㅎ
얘,1,ㅇㅒ
얜,4,ㅇㅒㄴ
얠,4,ㅇㅒㄹ
얩,4,ㅇㅒㅂ
어,1,ㅇㅓ
억,4,ㅇㅓㄱ
언,4,ㅇㅓㄴ
얹,4,ㅇㅓㄵ
얻,4,ㅇㅓㄷ
얼,4,ㅇㅓㄹ
얽,4,ㅇㅓㄺ
얾,4,ㅇㅓㄻ
엄,4,ㅇㅓㅁ
업,4,ㅇㅓㅂ
없,4,ㅇㅓㅄ
엇,4,ㅇㅓㅅ
었,4,ㅇㅓㅆ
엉,4,ㅇㅓㅇ
엊,4,ㅇㅓㅈ
엌,4,ㅇㅓㅋ
엎,4,ㅇㅓㅍ
에,1,ㅇㅔ
엑,4,ㅇㅔㄱ
엔,4,ㅇㅔㄴ
엘,4,ㅇㅔㄹ
엠,4,ㅇㅔㅁ
엡,4,ㅇㅔㅂ
엣,4,ㅇㅔㅅ
엥,4,ㅇㅔㅇ
여,1,ㅇㅕ
역,4,ㅇㅕㄱ
엮,4,ㅇㅕㄲ
연,4,ㅇㅕㄴ
열,4,ㅇㅕㄹ
엶,4,ㅇㅕㄻ
엷,4,ㅇㅕㄼ
염,4,ㅇㅕㅁ
엽,4,ㅇㅕㅂ
엾,4,ㅇㅕㅄ
엿,4,ㅇㅕㅅ
였,4,ㅇㅕㅆ
영,4,ㅇㅕㅇ
옅,4,ㅇㅕㅌ
옆,4,ㅇㅕㅍ
옇,4,ㅇㅕㅎ
예,1,ㅇㅖ
옌,4,ㅇㅖㄴ
옐,4,ㅇㅖㄹ
옘,4,ㅇㅖㅁ
옙,4,ㅇㅖㅂ
옛,4,ㅇㅖㅅ
옜,4,ㅇㅖㅆ
오,2,ㅇㅗ
옥,5,ㅇㅗㄱ
온,5,ㅇㅗㄴ
올,5,ㅇㅗㄹ
옭,5,ㅇㅗㄺ
옮,5,ㅇㅗㄻ
옰,5,ㅇㅗㄽ
옳,5,ㅇㅗㅀ
옴,5,ㅇㅗㅁ
옵,5,ㅇㅗㅂ
옷,5,ㅇㅗㅅ
옹,5,ㅇㅗㅇ
옻,5,ㅇㅗㅊ
와,3,ㅇㅘ
왁,6,ㅇㅘㄱ
완,6,ㅇㅘㄴ
왈,6,ㅇㅘㄹ
왐,6,ㅇㅘㅁ
왑,6,ㅇㅘㅂ
왓,6,ㅇㅘㅅ
왔,6,ㅇㅘㅆ
왕,6,ㅇㅘㅇ
왜,3,ㅇㅙ
왝,6,ㅇㅙㄱ
왠,6,ㅇㅙㄴ
왬,6,ㅇㅙㅁ
왯,6,ㅇㅙㅅ
왱,6,ㅇㅙㅇ
외,3,ㅇㅚ
왹,6,ㅇㅚㄱ
왼,6,ㅇㅚㄴ
욀,6,ㅇㅚㄹ
욈,6,ㅇㅚㅁ
욉,6,ㅇㅚㅂ
욋,6,ㅇㅚㅅ
욍,6,ㅇㅚㅇ
요,2,ㅇㅛ
욕,5,ㅇㅛㄱ
욘,5,ㅇㅛㄴ
욜,5,ㅇㅛㄹ
욤,5,ㅇㅛㅁ
욥,5,ㅇㅛㅂ
욧,5,ㅇㅛㅅ
용,5,ㅇㅛㅇ
우,2,ㅇㅜ
욱,5,ㅇㅜㄱ
운,5,ㅇㅜㄴ
울,5,ㅇㅜㄹ
욹,5,ㅇㅜㄺ
욺,5,ㅇㅜㄻ
움,5,ㅇㅜㅁ
웁,5,ㅇㅜㅂ
웃,5,ㅇㅜㅅ
웅,5,ㅇㅜㅇ
워,3,ㅇㅝ
웍,6,ㅇㅝㄱ
원,6,ㅇㅝㄴ
월,6,ㅇㅝㄹ
웜,6,ㅇㅝㅁ
웝,6,ㅇㅝㅂ
웠,6,ㅇㅝㅆ
웡,6,ㅇㅝㅇ
웨,3,ㅇㅞ
웩,6,ㅇㅞㄱ
웬,6,ㅇㅞㄴ
웰,6,ㅇㅞㄹ
웸,6,ㅇㅞㅁ
웹,6,ㅇㅞㅂ
웽,6,ㅇㅞㅇ
위,3,ㅇㅟ
윅,6,ㅇㅟㄱ
윈,6,ㅇㅟㄴ
윌,6,ㅇㅟㄹ
윔,6,ㅇㅟㅁ
윕,6,ㅇㅟㅂ
윗,6,ㅇㅟㅅ
윙,6,ㅇㅟㅇ
유,2,ㅇㅠ
육,5,ㅇㅠㄱ
윤,5,ㅇㅠㄴ
율,5,ㅇㅠㄹ
윰,5,ㅇㅠㅁ
윱,5,ㅇㅠㅂ
윳,5,ㅇㅠㅅ
융,5,ㅇㅠㅇ
윷,5,ㅇㅠㅊ
으,2,ㅇㅡ
윽,5,ㅇㅡㄱ
은,5,ㅇㅡㄴ
을,5,ㅇㅡㄹ
읊,5,ㅇㅡㄿ
음,5,ㅇㅡㅁ
읍,5,ㅇㅡㅂ
읏,5,ㅇㅡㅅ
응,5,ㅇㅡㅇ
읒,5,ㅇㅡㅈ
읓,5,ㅇㅡㅊ
읔,5,ㅇㅡㅋ
읕,5,ㅇㅡㅌ
읖,5,ㅇㅡㅍ
읗,5,ㅇㅡㅎ
의,3,ㅇㅢ
읜,6,ㅇㅢㄴ
읠,6,ㅇㅢㄹ
읨,6,ㅇㅢㅁ
읫,6,ㅇㅢㅅ
이,1,ㅇㅣ
익,4,ㅇㅣㄱ
인,4,ㅇㅣㄴ
일,4,ㅇㅣㄹ
읽,4,ㅇㅣㄺ
읾,4,ㅇㅣㄻ
잃,4,ㅇㅣㅀ
임,4,ㅇㅣㅁ
입,4,ㅇㅣㅂ
잇,4,ㅇㅣㅅ
있,4,ㅇㅣㅆ
잉,4,ㅇㅣㅇ
잊,4,ㅇㅣㅈ
잎,4,ㅇㅣㅍ
자,1,ㅈㅏ
작,4,ㅈㅏㄱ
잔,4,ㅈㅏㄴ
잖,4,ㅈㅏㄶ
잗,4,ㅈㅏㄷ
잘,4,ㅈㅏㄹ
잚,4,ㅈㅏㄻ
잠,4,ㅈㅏㅁ
잡,4,ㅈㅏㅂ
잣,4,ㅈㅏㅅ
잤,4,ㅈㅏㅆ
장,4,ㅈㅏㅇ
잦,4,ㅈㅏㅈ
재,1,ㅈㅐ
잭,4,ㅈㅐㄱ
잰,4,ㅈㅐㄴ
잴,4,ㅈㅐㄹ
잼,4,ㅈㅐㅁ
잽,4,ㅈㅐㅂ
잿,4,ㅈㅐㅅ
쟀,4,ㅈㅐㅆ
쟁,4,ㅈㅐㅇ
쟈,1,ㅈㅑ
쟉,4,ㅈㅑㄱ
쟌,4,ㅈㅑㄴ
쟎,4,ㅈㅑㄶ
쟐,4,ㅈㅑㄹ
쟘,4,ㅈㅑㅁ
쟝,4,ㅈㅑㅇ
쟤,1,ㅈㅒ
쟨,4,ㅈㅒㄴ
쟬,4,ㅈㅒㄹ
저,1,ㅈㅓ
적,4,ㅈㅓㄱ
전,4,ㅈㅓㄴ
절,4,ㅈㅓㄹ
젊,4,ㅈㅓㄻ
점,4,ㅈㅓㅁ
접,4,ㅈㅓㅂ
젓,4,ㅈㅓㅅ
정,4,ㅈㅓㅇ
젖,4,ㅈㅓㅈ
제,1,ㅈㅔ
젝,4,ㅈㅔㄱ
젠,4,ㅈㅔㄴ
젤,4,ㅈㅔㄹ
젬,4,ㅈㅔㅁ
젭,4,ㅈㅔㅂ
젯,4,ㅈㅔㅅ
젱,4,ㅈㅔㅇ
져,1,ㅈㅕ
젼,4,ㅈㅕㄴ
졀,4,ㅈㅕㄹ
졈,4,ㅈㅕㅁ
졉,4,ㅈㅕㅂ
졌,4,ㅈㅕㅆ
졍,4,ㅈㅕㅇ
졔,1,ㅈㅖ
조,2,ㅈㅗ
족,5,ㅈㅗㄱ
존,5,ㅈㅗㄴ
졸,5,ㅈㅗㄹ
졺,5,ㅈㅗㄻ
좀,5,ㅈㅗㅁ
좁,5,ㅈㅗㅂ
좃,5,ㅈㅗㅅ
종,5,ㅈㅗㅇ
좆,5,ㅈㅗㅈ
좇,5,ㅈㅗㅊ
좋,5,ㅈㅗㅎ
좌,3,ㅈㅘ
좍,6,ㅈㅘㄱ
좔,6,ㅈㅘㄹ
좝,6,ㅈㅘㅂ
좟,6,ㅈㅘㅅ
좡,6,ㅈㅘㅇ
좨,3,ㅈㅙ
좼,6,ㅈㅙㅆ
좽,6,ㅈㅙㅇ
죄,3,ㅈㅚ
죈,6,ㅈㅚㄴ
죌,6,ㅈㅚㄹ
죔,6,ㅈㅚㅁ
죕,6,ㅈㅚㅂ
죗,6,ㅈㅚㅅ
죙,6,ㅈㅚㅇ
죠,2,ㅈㅛ
죡,5,ㅈㅛㄱ
죤,5,ㅈㅛㄴ
죵,5,ㅈㅛㅇ
주,2,ㅈㅜ
죽,5,ㅈㅜㄱ
준,5,ㅈㅜㄴ
줄,5,ㅈㅜㄹ
줅,5,ㅈㅜㄺ
줆,5,ㅈㅜㄻ
줌,5,ㅈㅜㅁ
줍,5,ㅈㅜㅂ
줏,5,ㅈㅜㅅ
중,5,ㅈㅜㅇ
줘,3,ㅈㅝ
줬,6,ㅈㅝㅆ
줴,3,ㅈㅞ
쥐,3,ㅈㅟ
쥑,6,ㅈㅟㄱ
쥔,6,ㅈㅟㄴ
쥘,6,ㅈㅟㄹ
쥠,6,ㅈㅟㅁ
쥡,6,ㅈㅟㅂ
쥣,6,ㅈㅟㅅ
쥬,2,ㅈㅠ
쥰,5,ㅈㅠㄴ
쥴,5,ㅈㅠㄹ
쥼,5,ㅈㅠㅁ
즈,2,ㅈㅡ
즉,5,ㅈㅡㄱ
즌,5,ㅈㅡㄴ
즐,5,ㅈㅡㄹ
즘,5,ㅈㅡㅁ
즙,5,ㅈㅡㅂ
즛,5,ㅈㅡㅅ
증,5,ㅈㅡㅇ
지,1,ㅈㅣ
직,4,ㅈㅣㄱ
진,4,ㅈㅣㄴ
짇,4,ㅈㅣㄷ
질,4,ㅈㅣㄹ
짊,4,ㅈㅣㄻ
짐,4,ㅈㅣㅁ
집,4,ㅈㅣㅂ
짓,4,ㅈㅣㅅ
징,4,ㅈㅣㅇ
짖,4,ㅈㅣㅈ
짙,4,ㅈㅣㅌ
짚,4,ㅈㅣㅍ
짜,1,ㅉㅏ
짝,4,ㅉㅏㄱ
짠,4,ㅉㅏㄴ
짢,4,ㅉㅏㄶ
짤,4,ㅉㅏㄹ
짧,4,ㅉㅏㄼ
짬,4,ㅉㅏㅁ
짭,4,ㅉㅏㅂ
짯,4,ㅉㅏㅅ
짰,4,ㅉㅏㅆ
짱,4,ㅉㅏㅇ
째,1,ㅉㅐ
짹,4,ㅉㅐㄱ
짼,4,ㅉㅐㄴ
쨀,4,ㅉㅐㄹ
쨈,4,ㅉㅐㅁ
쨉,4,ㅉㅐㅂ
쨋,4,ㅉㅐㅅ
쨌,4,ㅉㅐㅆ
쨍,4,ㅉㅐㅇ
쨔,1,ㅉㅑ
쨘,4,ㅉㅑㄴ
쨩,4,ㅉㅑㅇ
쩌,1,ㅉㅓ
쩍,4,ㅉㅓㄱ
쩐,4,ㅉㅓㄴ
쩔,4,ㅉㅓㄹ
쩜,4,ㅉㅓㅁ
쩝,4,ㅉㅓㅂ
쩟,4,ㅉㅓㅅ
쩠,4,ㅉㅓㅆ
쩡,4,ㅉㅓㅇ
쩨,1,ㅉㅔ
쩽,4,ㅉㅔㅇ
쪄,1,ㅉㅕ
쪘,4,ㅉㅕㅆ
쪼,2,ㅉㅗ
쪽,5,ㅉㅗㄱ
쫀,5,ㅉㅗㄴ
쫄,5,ㅉㅗㄹ
쫌,5,ㅉㅗㅁ
쫍,5,ㅉㅗㅂ
쫏,5,ㅉㅗㅅ
쫑,5,ㅉㅗㅇ
쫓,5,ㅉㅗㅊ
쫘,3,ㅉㅘ
쫙,6,ㅉㅘㄱ
쫠,6,ㅉㅘㄹ
쫬,6,ㅉㅘㅆ
쫴,3,ㅉㅙ
쬈,6,ㅉㅙㅆ
쬐,3,ㅉㅚ
쬔,6,ㅉㅚㄴ
쬘,6,ㅉㅚㄹ
쬠,6,ㅉㅚㅁ
쬡,6,ㅉㅚㅂ
쭁,5,ㅉㅛㅇ
쭈,2,ㅉㅜ
쭉,5,ㅉㅜㄱ
쭌,5,ㅉㅜㄴ
쭐,5,ㅉㅜㄹ
쭘,5,ㅉㅜㅁ
쭙,5,ㅉㅜㅂ
쭝,5,ㅉㅜㅇ
쭤,3,ㅉㅝ
쭸,6,ㅉㅝㅆ
쭹,6,ㅉㅝㅇ
쮜,3,ㅉㅟ
쮸,2,ㅉㅠ
쯔,2,ㅉㅡ
쯤,5,ㅉㅡㅁ
쯧,5,ㅉㅡㅅ
쯩,5,ㅉㅡㅇ
찌,1,ㅉㅣ
찍,4,ㅉㅣㄱ
찐,4,ㅉㅣㄴ
찔,4,ㅉㅣㄹ
찜,4,ㅉㅣㅁ
찝,4,ㅉㅣㅂ
찡,4,ㅉㅣㅇ
찢,4,ㅉㅣㅈ
찧,4,ㅉㅣㅎ
차,1,ㅊㅏ
착,4,ㅊㅏㄱ
찬,4,ㅊㅏㄴ
찮,4,ㅊㅏㄶ
찰,4,ㅊㅏㄹ
참,4,ㅊㅏㅁ
찹,4,ㅊㅏㅂ
찻,4,ㅊㅏㅅ
찼,4,ㅊㅏㅆ
창,4,ㅊㅏㅇ
찾,4,ㅊㅏㅈ
채,1,ㅊㅐ
책,4,ㅊㅐㄱ
챈,4,ㅊㅐㄴ
챌,4,ㅊㅐㄹ
챔,4,ㅊㅐㅁ
챕,4,ㅊㅐㅂ
챗,4,ㅊㅐㅅ
챘,4,ㅊㅐㅆ
챙,4,ㅊㅐㅇ
챠,1,ㅊㅑ
챤,4,ㅊㅑㄴ
챦,4,ㅊㅑㄶ
챨,4,ㅊㅑㄹ
챰,4,ㅊㅑㅁ
챵,4,ㅊㅑㅇ
처,1,ㅊㅓ
척,4,ㅊㅓㄱ
천,4,ㅊㅓㄴ
철,4,ㅊㅓㄹ
첨,4,ㅊㅓㅁ
첩,4,ㅊㅓㅂ
첫,4,ㅊㅓㅅ
첬,4,ㅊㅓㅆ
청,4,ㅊㅓㅇ
체,1,ㅊㅔ
첵,4,ㅊㅔㄱ
첸,4,ㅊㅔㄴ
첼,4,ㅊㅔㄹ
쳄,4,ㅊㅔㅁ
쳅,4,ㅊㅔㅂ
쳇,4,ㅊㅔㅅ
쳉,4,ㅊㅔㅇ
쳐,1,ㅊㅕ
쳔,4,ㅊㅕㄴ
쳤,4,ㅊㅕㅆ
쳬,1,ㅊㅖ
쳰,4,ㅊㅖㄴ
촁,4,ㅊㅖㅇ
초,2,ㅊㅗ
촉,5,ㅊㅗㄱ
촌,5,ㅊㅗㄴ
촐,5,ㅊㅗㄹ
촘,5,ㅊㅗㅁ
촙,5,ㅊㅗㅂ
촛,5,ㅊㅗㅅ
총,5,ㅊㅗㅇ
촤,3,ㅊㅘ
촨,6,ㅊㅘㄴ
촬,6,ㅊㅘㄹ
촹,6,ㅊㅘㅇ
최,3,ㅊㅚ
쵠,6,ㅊㅚㄴ
쵤,6,ㅊㅚㄹ
쵬,6,ㅊㅚㅁ
쵭,6,ㅊㅚㅂ
쵯,6,ㅊㅚㅅ
쵱,6,ㅊㅚㅇ
쵸,2,ㅊㅛ
춈,5,ㅊㅛㅁ
추,2,ㅊㅜ
축,5,ㅊㅜㄱ
춘,5,ㅊㅜㄴ
출,5,ㅊㅜㄹ
춤,5,ㅊㅜㅁ
춥,5,ㅊㅜㅂ
춧,5,ㅊㅜㅅ
충,5,ㅊㅜㅇ
춰,3,ㅊㅝ
췄,6,ㅊㅝㅆ
췌,3,ㅊㅞ
췐,6,ㅊㅞㄴ
취,3,ㅊㅟ
췬,6,ㅊㅟㄴ
췰,6,ㅊㅟㄹ
췸,6,ㅊㅟㅁ
췹,6,ㅊㅟㅂ
췻,6,ㅊㅟㅅ
췽,6,ㅊㅟㅇ
츄,2,ㅊㅠ
츈,5,ㅊㅠㄴ
츌,5,ㅊㅠㄹ
츔,5,ㅊㅠㅁ
츙,5,ㅊㅠㅇ
츠,2,ㅊㅡ
측,5,ㅊㅡㄱ
츤,5,ㅊㅡㄴ
츨,5,ㅊㅡㄹ
츰,5,ㅊㅡㅁ
츱,5,ㅊㅡㅂ
츳,5,ㅊㅡㅅ
층,5,ㅊㅡㅇ
치,1,ㅊㅣ
칙,4,ㅊㅣㄱ
친,4,ㅊㅣㄴ
칟,4,ㅊㅣㄷ
칠,4,ㅊㅣㄹ
칡,4,ㅊㅣㄺ
침,4,ㅊㅣㅁ
칩,4,ㅊㅣㅂ
칫,4,ㅊㅣㅅ
칭,4,ㅊㅣㅇ
카,1,ㅋㅏ
칵,4,ㅋㅏㄱ
칸,4,ㅋㅏㄴ
칼,4,ㅋㅏㄹ
캄,4,ㅋㅏㅁ
캅,4,ㅋㅏㅂ
캇,4,ㅋㅏㅅ
캉,4,ㅋㅏㅇ
캐,1,ㅋㅐ
캑,4,ㅋㅐㄱ
캔,4,ㅋㅐㄴ
캘,4,ㅋㅐㄹ
캠,4,ㅋㅐㅁ
캡,4,ㅋㅐㅂ
캣,4,ㅋㅐㅅ
캤,4,ㅋㅐㅆ
캥,4,ㅋㅐㅇ
캬,1,ㅋㅑ
캭,4,ㅋㅑㄱ
컁,4,ㅋㅑㅇ
커,1,ㅋㅓ
컥,4,ㅋㅓㄱ
컨,4,ㅋㅓㄴ
컫,4,ㅋㅓㄷ
컬,4,ㅋㅓㄹ
컴,4,ㅋㅓㅁ
컵,4,ㅋㅓㅂ
컷,4,ㅋㅓㅅ
컸,4,ㅋㅓㅆ
컹,4,ㅋㅓㅇ
케,1,ㅋㅔ
켁,4,ㅋㅔㄱ
켄,4,ㅋㅔㄴ
켈,4,ㅋㅔㄹ
켐,4,ㅋㅔㅁ
켑,4,ㅋㅔㅂ
켓,4,ㅋㅔㅅ
켕,4,ㅋㅔㅇ
켜,1,ㅋㅕ
켠,4,ㅋㅕㄴ
켤,4,ㅋㅕㄹ
켬,4,ㅋㅕㅁ
켭,4,ㅋㅕㅂ
켯,4,ㅋㅕㅅ
켰,4,ㅋㅕㅆ
켱,4,ㅋㅕㅇ
켸,1,ㅋㅖ
코,2,ㅋㅗ
콕,5,ㅋㅗㄱ
콘,5,ㅋㅗㄴ
콜,5,ㅋㅗㄹ
콤,5,ㅋㅗㅁ
콥,5,ㅋㅗㅂ
콧,5,ㅋㅗㅅ
콩,5,ㅋㅗㅇ
콰,3,ㅋㅘ
콱,6,ㅋㅘㄱ
콴,6,ㅋㅘㄴ
콸,6,ㅋㅘㄹ
쾀,6,ㅋㅘㅁ
쾅,6,ㅋㅘㅇ
쾌,3,ㅋㅙ
쾡,6,ㅋㅙㅇ
쾨,3,ㅋㅚ
쾰,6,ㅋㅚㄹ
쿄,2,ㅋㅛ
쿠,2,ㅋㅜ
쿡,5,ㅋㅜㄱ
쿤,5,ㅋㅜㄴ
쿨,5,ㅋㅜㄹ
쿰,5,ㅋㅜㅁ
쿱,5,ㅋㅜㅂ
쿳,5,ㅋㅜㅅ
쿵,5,ㅋㅜㅇ
쿼,3,ㅋㅝ
퀀,6,ㅋㅝㄴ
퀄,6,ㅋㅝㄹ
퀑,6,ㅋㅝㅇ
퀘,3,ㅋㅞ
퀭,6,ㅋㅞㅇ
퀴,3,ㅋㅟ
퀵,6,ㅋㅟㄱ
퀸,6,ㅋㅟㄴ
퀼,6,ㅋㅟㄹ
큄,6,ㅋㅟㅁ
큅,6,ㅋㅟㅂ
큇,6,ㅋㅟㅅ
큉,6,ㅋㅟㅇ
큐,2,ㅋㅠ
큔,5,ㅋㅠㄴ
큘,5,ㅋㅠㄹ
큠,5,ㅋㅠㅁ
크,2,ㅋㅡ
큭,5,ㅋㅡㄱ
큰,5,ㅋㅡㄴ
클,5,ㅋㅡㄹ
큼,5,ㅋㅡㅁ
큽,5,ㅋㅡㅂ
킁,5,ㅋㅡㅇ
키,1,ㅋㅣ
킥,4,ㅋㅣㄱ
킨,4,ㅋㅣㄴ
킬,4,ㅋㅣㄹ
킴,4,ㅋㅣㅁ
킵,4,ㅋㅣㅂ
킷,4,ㅋㅣㅅ
킹,4,ㅋㅣㅇ
타,1,ㅌㅏ
탁,4,ㅌㅏㄱ
탄,4,ㅌㅏㄴ
탈,4,ㅌㅏㄹ
탉,4,ㅌㅏㄺ
탐,4,ㅌㅏㅁ
탑,4,ㅌㅏㅂ
탓,4,ㅌㅏㅅ
탔,4,ㅌㅏㅆ
탕,4,ㅌㅏㅇ
태,1,ㅌㅐ
택,4,ㅌㅐㄱ
탠,4,ㅌㅐㄴ
탤,4,ㅌㅐㄹ
탬,4,ㅌㅐㅁ
탭,4,ㅌㅐㅂ
탯,4,ㅌㅐㅅ
탰,4,ㅌㅐㅆ
탱,4,ㅌㅐㅇ
탸,1,ㅌㅑ
턍,4,ㅌㅑㅇ
터,1,ㅌㅓ
턱,4,ㅌㅓㄱ
턴,4,ㅌㅓㄴ
털,4,ㅌㅓㄹ
턺,4,ㅌㅓㄻ
텀,4,ㅌㅓㅁ
텁,4,ㅌㅓㅂ
텃,4,ㅌㅓㅅ
텄,4,ㅌㅓㅆ
텅,4,ㅌㅓㅇ
테,1,ㅌㅔ
텍,4,ㅌㅔㄱ
텐,4,ㅌㅔㄴ
텔,4,ㅌㅔㄹ
템,4,ㅌㅔㅁ
텝,4,ㅌㅔㅂ
텟,4,ㅌㅔㅅ
텡,4,ㅌㅔㅇ
텨,1,ㅌㅕ
텬,4,ㅌㅕㄴ
텼,4,ㅌㅕㅆ
톄,1,ㅌㅖ
톈,4,ㅌㅖㄴ
토,2,ㅌㅗ
톡,5,ㅌㅗㄱ
톤,5,ㅌㅗㄴ
톨,5,ㅌㅗㄹ
톰,5,ㅌㅗㅁ
톱,5,ㅌㅗㅂ
톳,5,ㅌㅗㅅ
통,5,ㅌㅗㅇ
톺,5,ㅌㅗㅍ
톼,3,ㅌㅘ
퇀,6,ㅌㅘㄴ
퇘,3,ㅌㅙ
퇴,3,ㅌㅚ
퇸,6,ㅌㅚㄴ
툇,6,ㅌㅚㅅ
툉,6,ㅌㅚㅇ
툐,2,ㅌㅛ
투,2,ㅌㅜ
툭,5,ㅌㅜㄱ
툰,5,ㅌㅜㄴ
툴,5,ㅌㅜㄹ
툼,5,ㅌㅜㅁ
툽,5,ㅌㅜㅂ
툿,5,ㅌㅜㅅ
퉁,5,ㅌㅜㅇ
퉈,3,ㅌㅝ
퉜,6,ㅌㅝㅆ
퉤,3,ㅌㅞ
튀,3,ㅌㅟ
튁,6,ㅌㅟㄱ
튄,6,ㅌㅟㄴ
튈,6,ㅌㅟㄹ
튐,6,ㅌㅟㅁ
튑,6,ㅌㅟㅂ
튕,6,ㅌㅟㅇ
튜,2,ㅌㅠ
튠,5,ㅌㅠㄴ
튤,5,ㅌㅠㄹ
튬,5,ㅌㅠㅁ
튱,5,ㅌㅠㅇ
트,2,ㅌㅡ
특,5,ㅌㅡㄱ
튼,5,ㅌㅡㄴ
튿,5,ㅌㅡㄷ
틀,5,ㅌㅡㄹ
틂,5,ㅌㅡㄻ
틈,5,ㅌㅡㅁ
틉,5,ㅌㅡㅂ
틋,5,ㅌㅡㅅ
틔,3,ㅌㅢ
틘,6,ㅌㅢㄴ
틜,6,ㅌㅢㄹ
틤,6,ㅌㅢㅁ
틥,6,ㅌㅢㅂ
티,1,ㅌㅣ
틱,4,ㅌㅣㄱ
틴,4,ㅌㅣㄴ
틸,4,ㅌㅣㄹ
팀,4,ㅌㅣㅁ
팁,4,ㅌㅣㅂ
팃,4,ㅌㅣㅅ
팅,4,ㅌㅣㅇ
파,1,ㅍㅏ
팍,4,ㅍㅏㄱ
팎,4,ㅍㅏㄲ
판,4,ㅍㅏㄴ
팔,4,ㅍㅏㄹ
팖,4,ㅍㅏㄻ
팜,4,ㅍㅏㅁ
팝,4,ㅍㅏㅂ
팟,4,ㅍㅏㅅ
팠,4,ㅍㅏㅆ
팡,4,ㅍㅏㅇ
팥,4,ㅍㅏㅌ
패,1,ㅍㅐ
팩,4,ㅍㅐㄱ
팬,4,ㅍㅐㄴ
팰,4,ㅍㅐㄹ
팸,4,ㅍㅐㅁ
팹,4,ㅍㅐㅂ
팻,4,ㅍㅐㅅ
팼,4,ㅍㅐㅆ
팽,4,ㅍㅐㅇ
퍄,1,ㅍㅑ
퍅,4,ㅍㅑㄱ
퍼,1,ㅍㅓ
퍽,4,ㅍㅓㄱ
펀,4,ㅍㅓㄴ
펄,4,ㅍㅓㄹ
펌,4,ㅍㅓㅁ
펍,4,ㅍㅓㅂ
펏,4,ㅍㅓㅅ
펐,4,ㅍㅓㅆ
펑,4,ㅍㅓㅇ
페,1,ㅍㅔ
펙,4,ㅍㅔㄱ
펜,4,ㅍㅔㄴ
펠,4,ㅍㅔㄹ
펨,4,ㅍㅔㅁ
펩,4,ㅍㅔㅂ
펫,4,ㅍㅔㅅ
펭,4,ㅍㅔㅇ
펴,1,ㅍㅕ
편,4,ㅍㅕㄴ
펼,4,ㅍㅕㄹ
폄,4,ㅍㅕㅁ
폅,4,ㅍㅕㅂ
폈,4,ㅍㅕㅆ
평,4,ㅍㅕㅇ
폐,1,ㅍㅖ
폘,4,ㅍㅖㄹ
폡,4,ㅍㅖㅂ
폣,4,ㅍㅖㅅ
포,2,ㅍㅗ
폭,5,ㅍㅗㄱ
폰,5,ㅍㅗㄴ
폴,5,ㅍㅗㄹ
폼,5,ㅍㅗㅁ
폽,5,ㅍㅗㅂ
폿,5,ㅍㅗㅅ
퐁,5,ㅍㅗㅇ
퐈,3,ㅍㅘ
퐝,6,ㅍㅘㅇ
푀,3,ㅍㅚ
푄,6,ㅍㅚㄴ
표,2,ㅍㅛ
푠,5,ㅍㅛㄴ
푤,5,ㅍㅛㄹ
푭,5,ㅍㅛㅂ
푯,5,ㅍㅛㅅ
푸,2,ㅍㅜ
푹,5,ㅍㅜㄱ
푼,5,ㅍㅜㄴ
푿,5,ㅍㅜㄷ
풀,5,ㅍㅜㄹ
풂,5,ㅍㅜㄻ
품,5,ㅍㅜㅁ
풉,5,ㅍㅜㅂ
풋,5,ㅍㅜㅅ
풍,5,ㅍㅜㅇ
풔,3,ㅍㅝ
풩,6,ㅍㅝㅇ
퓌,3,ㅍㅟ
퓐,6,ㅍㅟㄴ
퓔,6,ㅍㅟㄹ
퓜,6,ㅍㅟㅁ
퓟,6,ㅍㅟㅅ
퓨,2,ㅍㅠ
퓬,5,ㅍㅠㄴ
퓰,5,ㅍㅠㄹ
퓸,5,ㅍㅠㅁ
퓻,5,ㅍㅠㅅ
퓽,5,ㅍㅠㅇ
프,2,ㅍㅡ
픈,5,ㅍㅡㄴ
플,5,ㅍㅡㄹ
픔,5,ㅍㅡㅁ
픕,5,ㅍㅡㅂ
픗,5,ㅍㅡㅅ
피,1,ㅍㅣ
픽,4,ㅍㅣㄱ
핀,4,ㅍㅣㄴ
필,4,ㅍㅣㄹ
핌,4,ㅍㅣㅁ
핍,4,ㅍㅣㅂ
핏,4,ㅍㅣㅅ
핑,4,ㅍㅣㅇ
하,1,ㅎㅏ
학,4,ㅎㅏㄱ
한,4,ㅎㅏㄴ
할,4,ㅎㅏㄹ
핥,4,ㅎㅏㄾ
함,4,ㅎㅏㅁ
합,4,ㅎㅏㅂ
핫,4,ㅎㅏㅅ
항,4,ㅎㅏㅇ
해,1,ㅎㅐ
핵,4,ㅎㅐㄱ
핸,4,ㅎㅐㄴ
핼,4,ㅎㅐㄹ
햄,4,ㅎㅐㅁ
햅,4,ㅎㅐㅂ
햇,4,ㅎㅐㅅ
했,4,ㅎㅐㅆ
행,4,ㅎㅐㅇ
햐,1,ㅎㅑ
향,4,ㅎㅑㅇ
허,1,ㅎㅓ
헉,4,ㅎㅓㄱ
헌,4,ㅎㅓㄴ
헐,4,ㅎㅓㄹ
헒,4,ㅎㅓㄻ
험,4,ㅎㅓㅁ
헙,4,ㅎㅓㅂ
헛,4,ㅎㅓㅅ
헝,4,ㅎㅓㅇ
헤,1,ㅎㅔ
헥,4,ㅎㅔㄱ
헨,4,ㅎㅔㄴ
헬,4,ㅎㅔㄹ
헴,4,ㅎㅔㅁ
헵,4,ㅎㅔㅂ
헷,4,ㅎㅔㅅ
헹,4,ㅎㅔㅇ
혀,1,ㅎㅕ
혁,4,ㅎㅕㄱ
현,4,ㅎㅕㄴ
혈,4,ㅎㅕㄹ
혐,4,ㅎㅕㅁ
협,4,ㅎㅕㅂ
혓,4,ㅎㅕㅅ
혔,4,ㅎㅕㅆ
형,4,ㅎㅕㅇ
혜,1,ㅎㅖ
혠,4,ㅎㅖㄴ
혤,4,ㅎㅖㄹ
혭,4,ㅎㅖㅂ
호,2,ㅎㅗ
혹,5,ㅎㅗㄱ
혼,5,ㅎㅗㄴ
홀,5,ㅎㅗㄹ
홅,5,ㅎㅗㄾ
홈,5,ㅎㅗㅁ
홉,5,ㅎㅗㅂ
홋,5,ㅎㅗㅅ
홍,5,ㅎㅗㅇ
홑,5,ㅎㅗㅌ
화,3,ㅎㅘ
확,6,ㅎㅘㄱ
환,6,ㅎㅘㄴ
활,6,ㅎㅘㄹ
홧,6,ㅎㅘㅅ
황,6,ㅎㅘㅇ
홰,3,ㅎㅙ
홱,6,ㅎㅙㄱ
홴,6,ㅎㅙㄴ
횃,6,ㅎㅙㅅ
횅,6,ㅎㅙㅇ
회,3,ㅎㅚ
획,6,ㅎㅚㄱ
횐,6,ㅎㅚㄴ
횔,6,ㅎㅚㄹ
횝,6,ㅎㅚㅂ
횟,6,ㅎㅚㅅ
횡,6,ㅎㅚㅇ
효,2,ㅎㅛ
횬,5,ㅎㅛㄴ
횰,5,ㅎㅛㄹ
횹,5,ㅎㅛㅂ
횻,5,ㅎㅛㅅ
후,2,ㅎㅜ
훅,5,ㅎㅜㄱ
훈,5,ㅎㅜㄴ
훌,5,ㅎㅜㄹ
훑,5,ㅎㅜㄾ
훔,5,ㅎㅜㅁ
훗,5,ㅎㅜㅅ
훙,5,ㅎㅜㅇ
훠,3,ㅎㅝ
훤,6,ㅎㅝㄴ
훨,6,ㅎㅝㄹ
훰,6,ㅎㅝㅁ
훵,6,ㅎㅝㅇ
훼,3,ㅎㅞ
훽,6,ㅎㅞㄱ
휀,6,ㅎㅞㄴ
휄,6,ㅎㅞㄹ
휑,6,ㅎㅞㅇ
휘,3,ㅎㅟ
휙,6,ㅎㅟㄱ
휜,6,ㅎㅟㄴ
휠,6,ㅎㅟㄹ
휨,6,ㅎㅟㅁ
휩,6,ㅎㅟㅂ
휫,6,ㅎㅟㅅ
휭,6,ㅎㅟㅇ
휴,2,ㅎㅠ
휵,5,ㅎㅠㄱ
휸,5,ㅎㅠㄴ
휼,5,ㅎㅠㄹ
흄,5,ㅎㅠㅁ
흇,5,ㅎㅠㅅ
흉,5,ㅎㅠㅇ
흐,2,ㅎㅡ
흑,5,ㅎㅡㄱ
흔,5,ㅎㅡㄴ
흖,5,ㅎㅡㄶ
흗,5,ㅎㅡㄷ
흘,5,ㅎㅡㄹ
흙,5,ㅎㅡㄺ
흠,5,ㅎㅡㅁ
흡,5,ㅎㅡㅂ
흣,5,ㅎㅡㅅ
흥,5,ㅎㅡㅇ
흩,5,ㅎㅡㅌ
희,3,ㅎㅢ
흰,6,ㅎㅢㄴ
흴,6,ㅎㅢㄹ
흼,6,ㅎㅢㅁ
흽,6,ㅎㅢㅂ
힁,6,ㅎㅢㅇ
히,1,ㅎㅣ
힉,4,ㅎㅣㄱ
힌,4,ㅎㅣㄴ
힐,4,ㅎㅣㄹ
힘,4,ㅎㅣㅁ
힙,4,ㅎㅣㅂ
힛,4,ㅎㅣㅅ
힝,4,ㅎㅣㅇ
